{
	"info": {
		"_postman_id": "30196b74-e433-46b5-95a9-47baf3c082ad",
		"name": "TheAtlas Sandbox SearchOnly",
		"schema": "https://schema.getpostman.com/json/collection/v2.1.0/collection.json"
	},
	"item": [
		{
			"name": "DVO-CEB 28FEB Oneway",
			"protocolProfileBehavior": {
				"disabledSystemHeaders": {}
			},
			"request": {
				"method": "POST",
				"header": [
					{
						"key": "x-atlas-client-id",
						"value": "XXXXXXXX",
						"type": "default"
					},
					{
						"key": "x-atlas-client-secret",
						"value": "XXXXXXXX",
						"type": "default"
					}
				],
				"body": {
					"mode": "raw",
					"raw": "{\r\n    \"cid\": \"XXXXXXXX\",\r\n    \"tripType\": \"1\",\r\n    \"adultNum\": 1,\r\n    \"childNum\": 0,\r\n    \"infantNum\": 0,\r\n    \"fromCity\": \"DVO\",\r\n    \"toCity\": \"CEB\",\r\n    \"fromDate\": \"20220228\"\r\n}",
					"options": {
						"raw": {
							"language": "json"
						}
					}
				},
				"url": {
					"raw": "https://sandbox.atlaslovestravel.com/search.do",
					"protocol": "https",
					"host": [
						"sandbox",
						"atlaslovestravel",
						"com"
					],
					"path": [
						"search.do"
					]
				}
			},
			"response": []
		},
		{
			"name": "SEL-CJU 24FEB/28FEB Roundtrip",
			"protocolProfileBehavior": {
				"disabledSystemHeaders": {}
			},
			"request": {
				"method": "POST",
				"header": [
					{
						"key": "x-atlas-client-id",
						"value": "XXXXXXXX",
						"type": "default"
					},
					{
						"key": "x-atlas-client-secret",
						"value": "XXXXXXXX",
						"type": "default"
					}
				],
				"body": {
					"mode": "raw",
					"raw": "{\r\n    \"cid\": \"XXXXXXXX\",\r\n    \"tripType\": \"1\",\r\n    \"adultNum\": 1,\r\n    \"childNum\": 0,\r\n    \"infantNum\": 0,\r\n    \"fromCity\": \"SEL\",\r\n    \"toCity\": \"CJU\",\r\n    \"fromDate\": \"20220224\",\r\n    \"retDate\": \"20220228\"\r\n}",
					"options": {
						"raw": {
							"language": "json"
						}
					}
				},
				"url": {
					"raw": "https://sandbox.atlaslovestravel.com/search.do",
					"protocol": "https",
					"host": [
						"sandbox",
						"atlaslovestravel",
						"com"
					],
					"path": [
						"search.do"
					]
				}
			},
			"response": []
		}
	]
}